	subject	run	block	trial_type	trial_number	letter	font	r	g	b	onset	duration	signal_present	response	RT	correct
0	1	1	0	color	0	V	BACS2serif	0.0	255.0	0.0	16.229893499985337	0.75	0			
1	1	1	0	color	1	X	BACS2serif	0.0	0.0	255.0	17.213161600055173	0.75	0			
2	1	1	0	color	2	U	BACS2serif	255.0	255.0	0.0	18.198152899974957	0.75	0			
3	1	1	0	color	3	Z	BACS2serif	148.0	0.0	211.0	19.176869600079954	0.75	0			
4	1	1	0	color	4	T	BACS2serif	255.0	127.0	0.0	20.173513900022954	0.75	0			
5	1	1	0	color	5	W	BACS2serif	0.0	255.0	255.0	21.167855999898165	0.75	0			
6	1	1	0	color	6	Z	BACS2serif-Italic	148.0	0.0	211.0	22.160514899995178	0.75	1			
7	1	1	0	color	7	S	BACS2serif	255.0	0.0	0.0	23.133849000092596	0.75	0			
8	1	1	0	color	8	Y	BACS2serif	75.0	0.0	130.0	24.112919699866325	0.75	0			
9	1	1	0	color	9	X	BACS2serif	0.0	0.0	255.0	25.091234999941662	0.75	0			
10	1	1	0	color	10	S	BACS2serif	255.0	0.0	0.0	26.089550300035626	0.75	0			
11	1	1	0	color	11	Y	BACS2serif	75.0	0.0	130.0	27.060666899895296	0.75	0			
12	1	1	0	color	12	U	BACS2serif	255.0	255.0	0.0	28.041076600085944	0.75	0			
13	1	1	0	color	13	T	BACS2serif	255.0	127.0	0.0	29.00474249990657	0.75	0			
14	1	1	0	color	14	V	BACS2serif	0.0	255.0	0.0	29.971314300084487	0.75	0			
15	1	1	0	color	15	W	BACS2serif	0.0	255.0	255.0	30.94195790006779	0.75	0			
16	1	1	0	prompt	16						35.4436594999861	1.5	1	missing		0.0
17	1	1	1	black	17	V	BACS2serif	0.0	0.0	0.0	47.953749699983746	0.75	0			
18	1	1	1	black	18	Y	BACS2serif	0.0	0.0	0.0	48.93229790008627	0.75	0			
19	1	1	1	black	19	U	BACS2serif	0.0	0.0	0.0	49.92602899996564	0.75	0			
20	1	1	1	black	20	S	BACS2serif	0.0	0.0	0.0	50.905110199935734	0.75	0			
21	1	1	1	black	21	Z	BACS2serif	0.0	0.0	0.0	51.89262689999305	0.75	0			
22	1	1	1	black	22	T	BACS2serif	0.0	0.0	0.0	52.88676339993253	0.75	0			
23	1	1	1	black	23	W	BACS2serif	0.0	0.0	0.0	53.87403309997171	0.75	0			
24	1	1	1	black	24	X	BACS2serif	0.0	0.0	0.0	54.85528069990687	0.75	0			
25	1	1	1	black	25	Y	BACS2serif	0.0	0.0	0.0	55.82963229995221	0.75	0			
26	1	1	1	black	26	U	BACS2serif	0.0	0.0	0.0	56.83025799994357	0.75	0			
27	1	1	1	black	27	S	BACS2serif	0.0	0.0	0.0	57.80742500000633	0.75	0			
28	1	1	1	black	28	W	BACS2serif	0.0	0.0	0.0	58.800111500080675	0.75	0			
29	1	1	1	black	29	T	BACS2serif-Italic	0.0	0.0	0.0	59.774915599962696	0.75	1			
30	1	1	1	black	30	Z	BACS2serif	0.0	0.0	0.0	60.77004859992303	0.75	0			
31	1	1	1	black	31	V	BACS2serif	0.0	0.0	0.0	61.74906950001605	0.75	0			
32	1	1	1	black	32	X	BACS2serif	0.0	0.0	0.0	62.71593509986997	0.75	0			
33	1	1	1	prompt	33						67.27213880000636	1.5	1	no	68.07994219986722	0.0
34	1	1	2	color	34	U	BACS2serif	255.0	255.0	0.0	79.74420049996115	0.75	0			
35	1	1	2	color	35	W	BACS2serif	0.0	255.0	255.0	80.722414100077	0.75	0			
36	1	1	2	color	36	V	BACS2serif	0.0	255.0	0.0	81.69585700007156	0.75	0			
37	1	1	2	color	37	Y	BACS2serif	75.0	0.0	130.0	82.68013009987772	0.75	0			
38	1	1	2	color	38	X	BACS2serif	0.0	0.0	255.0	83.664500300074	0.75	0			
39	1	1	2	color	39	S	BACS2serif	255.0	0.0	0.0	84.63728110003285	0.75	0			
40	1	1	2	color	40	Z	BACS2serif	148.0	0.0	211.0	85.60739340004511	0.75	0			
41	1	1	2	color	41	V	BACS2serif	0.0	255.0	0.0	86.6091926000081	0.75	0			
42	1	1	2	color	42	X	BACS2serif	0.0	0.0	255.0	87.59752529999241	0.75	0			
43	1	1	2	color	43	Y	BACS2serif	75.0	0.0	130.0	88.595920199994	0.75	0			
44	1	1	2	color	44	W	BACS2serif	0.0	255.0	255.0	89.58845150005072	0.75	0			
45	1	1	2	color	45	T	BACS2serif	255.0	127.0	0.0	90.58435630006716	0.75	0			
46	1	1	2	color	46	Z	BACS2serif	148.0	0.0	211.0	91.5703014000319	0.75	0			
47	1	1	2	color	47	T	BACS2serif	255.0	127.0	0.0	92.573205600027	0.75	0			
48	1	1	2	color	48	S	BACS2serif	255.0	0.0	0.0	93.5793053000234	0.75	0			
49	1	1	2	color	49	U	BACS2serif	255.0	255.0	0.0	94.58430620003492	0.75	0			
50	1	1	2	prompt	50						98.33795329998247	1.5	0	yes	99.10483439988457	0.0
51	1	1	3	black	51	T	BACS2serif	0.0	0.0	0.0	111.61398059991188	0.75	0			
52	1	1	3	black	52	U	BACS2serif	0.0	0.0	0.0	112.62320289993659	0.75	0			
53	1	1	3	black	53	W	BACS2serif	0.0	0.0	0.0	113.6011083999183	0.75	0			
54	1	1	3	black	54	S	BACS2serif	0.0	0.0	0.0	114.57486579986289	0.75	0			
55	1	1	3	black	55	X	BACS2serif	0.0	0.0	0.0	115.56736700003967	0.75	0			
56	1	1	3	black	56	Y	BACS2serif	0.0	0.0	0.0	116.54666129988618	0.75	0			
57	1	1	3	black	57	T	BACS2serif	0.0	0.0	0.0	117.53042349987663	0.75	0			
58	1	1	3	black	58	X	BACS2serif	0.0	0.0	0.0	118.50819889991544	0.75	0			
59	1	1	3	black	59	U	BACS2serif	0.0	0.0	0.0	119.48233640007675	0.75	0			
60	1	1	3	black	60	W	BACS2serif	0.0	0.0	0.0	120.47365819988772	0.75	0			
61	1	1	3	black	61	V	BACS2serif	0.0	0.0	0.0	121.47246859990992	0.75	0			
62	1	1	3	black	62	Z	BACS2serif-Italic	0.0	0.0	0.0	122.4413324999623	0.75	1			
63	1	1	3	black	63	Y	BACS2serif	0.0	0.0	0.0	123.4330217000097	0.75	0			
64	1	1	3	black	64	Z	BACS2serif	0.0	0.0	0.0	124.43180350004695	0.75	0			
65	1	1	3	black	65	S	BACS2serif	0.0	0.0	0.0	125.41549999988638	0.75	0			
66	1	1	3	black	66	V	BACS2serif	0.0	0.0	0.0	126.39449610002339	0.75	0			
67	1	1	3	prompt	67						129.2758257999085	1.5	1	missing		0.0
68	1	1	4	color	68	V	BACS2serif	0.0	255.0	0.0	143.4807283000555	0.75	0			
69	1	1	4	color	69	Z	BACS2serif	148.0	0.0	211.0	144.4558164998889	0.75	0			
70	1	1	4	color	70	W	BACS2serif	0.0	255.0	255.0	145.46571630006656	0.75	0			
71	1	1	4	color	71	T	BACS2serif	255.0	127.0	0.0	146.474532000022	0.75	0			
72	1	1	4	color	72	S	BACS2serif	255.0	0.0	0.0	147.48236460005865	0.75	0			
73	1	1	4	color	73	U	BACS2serif	255.0	255.0	0.0	148.48541500000283	0.75	0			
74	1	1	4	color	74	X	BACS2serif	0.0	0.0	255.0	149.49331380007789	0.75	0			
75	1	1	4	color	75	Y	BACS2serif	75.0	0.0	130.0	150.47738249995746	0.75	0			
76	1	1	4	color	76	W	BACS2serif	0.0	255.0	255.0	151.47267629997805	0.75	0			
77	1	1	4	color	77	T	BACS2serif	255.0	127.0	0.0	152.44278150005266	0.75	0			
78	1	1	4	color	78	U	BACS2serif	255.0	255.0	0.0	153.42226819996722	0.75	0			
79	1	1	4	color	79	S	BACS2serif	255.0	0.0	0.0	154.42367130005732	0.75	0			
80	1	1	4	color	80	V	BACS2serif	0.0	255.0	0.0	155.4023374998942	0.75	0			
81	1	1	4	color	81	Z	BACS2serif	148.0	0.0	211.0	156.39090269990265	0.75	0			
82	1	1	4	color	82	Y	BACS2serif-Italic	75.0	0.0	130.0	157.385267799953	0.75	1			
83	1	1	4	color	83	X	BACS2serif	0.0	0.0	255.0	158.35779269994237	0.75	0			
84	1	1	4	prompt	84						162.2064622999169	1.5	1	missing		0.0
85	1	1	5	black	85	Z	BACS2serif	0.0	0.0	0.0	175.38365680002607	0.75	0			
86	1	1	5	black	86	X	BACS2serif	0.0	0.0	0.0	176.3566008999478	0.75	0			
87	1	1	5	black	87	T	BACS2serif	0.0	0.0	0.0	177.33170889993198	0.75	0			
88	1	1	5	black	88	W	BACS2serif	0.0	0.0	0.0	178.33557979995385	0.75	0			
89	1	1	5	black	89	V	BACS2serif	0.0	0.0	0.0	179.333464599913	0.75	0			
90	1	1	5	black	90	X	BACS2serif	0.0	0.0	0.0	180.33434340008534	0.75	0			
91	1	1	5	black	91	Y	BACS2serif	0.0	0.0	0.0	181.3113919000607	0.75	0			
92	1	1	5	black	92	U	BACS2serif	0.0	0.0	0.0	182.2993117000442	0.75	0			
93	1	1	5	black	93	Z	BACS2serif	0.0	0.0	0.0	183.28628530004062	0.75	0			
94	1	1	5	black	94	S	BACS2serif	0.0	0.0	0.0	184.26020919997245	0.75	0			
95	1	1	5	black	95	V	BACS2serif	0.0	0.0	0.0	185.22847449989058	0.75	0			
96	1	1	5	black	96	T	BACS2serif	0.0	0.0	0.0	186.21525970008224	0.75	0			
97	1	1	5	black	97	W	BACS2serif	0.0	0.0	0.0	187.21034540003166	0.75	0			
98	1	1	5	black	98	U	BACS2serif	0.0	0.0	0.0	188.20089360000566	0.75	0			
99	1	1	5	black	99	Y	BACS2serif	0.0	0.0	0.0	189.17415009997785	0.75	0			
100	1	1	5	black	100	S	BACS2serif	0.0	0.0	0.0	190.1606336000841	0.75	0			
101	1	1	5	prompt	101						194.2752203999553	1.5	0	missing		0.0
102	1	1	6	color	102	X	BACS2serif	0.0	0.0	255.0	207.1919064000249	0.75	0			
103	1	1	6	color	103	T	BACS2serif	255.0	127.0	0.0	208.1673002000898	0.75	0			
104	1	1	6	color	104	Z	BACS2serif	148.0	0.0	211.0	209.15051080007106	0.75	0			
105	1	1	6	color	105	U	BACS2serif	255.0	255.0	0.0	210.15364779997617	0.75	0			
106	1	1	6	color	106	W	BACS2serif	0.0	255.0	255.0	211.15688599995337	0.75	0			
107	1	1	6	color	107	V	BACS2serif	0.0	255.0	0.0	212.14227579999715	0.75	0			
108	1	1	6	color	108	T	BACS2serif	255.0	127.0	0.0	213.12650129990652	0.75	0			
109	1	1	6	color	109	W	BACS2serif	0.0	255.0	255.0	214.11840769997798	0.75	0			
110	1	1	6	color	110	S	BACS2serif	255.0	0.0	0.0	215.1088241999969	0.75	0			
111	1	1	6	color	111	X	BACS2serif	0.0	0.0	255.0	216.08412209991366	0.75	0			
112	1	1	6	color	112	Y	BACS2serif	75.0	0.0	130.0	217.06828409992158	0.75	0			
113	1	1	6	color	113	V	BACS2serif	0.0	255.0	0.0	218.06813060003333	0.75	0			
114	1	1	6	color	114	U	BACS2serif	255.0	255.0	0.0	219.07275209994987	0.75	0			
115	1	1	6	color	115	Y	BACS2serif	75.0	0.0	130.0	220.0508745999541	0.75	0			
116	1	1	6	color	116	S	BACS2serif	255.0	0.0	0.0	221.05412929994054	0.75	0			
117	1	1	6	color	117	Z	BACS2serif	148.0	0.0	211.0	222.02670679986477	0.75	0			
118	1	1	6	prompt	118						226.50842339987867	1.5	0	missing		0.0
119	1	1	7	black	119	V	BACS2serif	0.0	0.0	0.0	239.0431319999043	0.75	0			
120	1	1	7	black	120	W	BACS2serif	0.0	0.0	0.0	240.05232240003534	0.75	0			
121	1	1	7	black	121	U	BACS2serif	0.0	0.0	0.0	241.0596177999396	0.75	0			
122	1	1	7	black	122	S	BACS2serif	0.0	0.0	0.0	242.0622507999651	0.75	0			
123	1	1	7	black	123	Z	BACS2serif	0.0	0.0	0.0	243.05155500001274	0.75	0			
124	1	1	7	black	124	T	BACS2serif	0.0	0.0	0.0	244.05552699998952	0.75	0			
125	1	1	7	black	125	Y	BACS2serif	0.0	0.0	0.0	245.03737779986113	0.75	0			
126	1	1	7	black	126	Z	BACS2serif	0.0	0.0	0.0	246.03488530009054	0.75	0			
127	1	1	7	black	127	Y	BACS2serif	0.0	0.0	0.0	247.03511129994877	0.75	0			
128	1	1	7	black	128	W	BACS2serif	0.0	0.0	0.0	248.0149461000692	0.75	0			
129	1	1	7	black	129	X	BACS2serif	0.0	0.0	0.0	248.99163990002126	0.75	0			
130	1	1	7	black	130	V	BACS2serif	0.0	0.0	0.0	249.97793959989212	0.75	0			
131	1	1	7	black	131	T	BACS2serif	0.0	0.0	0.0	250.9682217000518	0.75	0			
132	1	1	7	black	132	X	BACS2serif	0.0	0.0	0.0	251.95117740007117	0.75	0			
133	1	1	7	black	133	U	BACS2serif	0.0	0.0	0.0	252.9433251998853	0.75	0			
134	1	1	7	black	134	S	BACS2serif	0.0	0.0	0.0	253.92664809990674	0.75	0			
135	1	1	7	prompt	135						257.56372329988517	1.5	0	missing		0.0
136	1	1	8	color	136	Z	BACS2serif	148.0	0.0	211.0	270.9307806000579	0.75	0			
137	1	1	8	color	137	X	BACS2serif	0.0	0.0	255.0	271.9027658998966	0.75	0			
138	1	1	8	color	138	S	BACS2serif	255.0	0.0	0.0	272.905474799918	0.75	0			
139	1	1	8	color	139	Y	BACS2serif	75.0	0.0	130.0	273.91066460008733	0.75	0			
140	1	1	8	color	140	U	BACS2serif	255.0	255.0	0.0	274.89378749998286	0.75	0			
141	1	1	8	color	141	Z	BACS2serif	148.0	0.0	211.0	275.88553519989364	0.75	0			
142	1	1	8	color	142	T	BACS2serif	255.0	127.0	0.0	276.85492659988813	0.75	0			
143	1	1	8	color	143	W	BACS2serif	0.0	255.0	255.0	277.83652959996834	0.75	0			
144	1	1	8	color	144	X	BACS2serif	0.0	0.0	255.0	278.8162765998859	0.75	0			
145	1	1	8	color	145	S	BACS2serif	255.0	0.0	0.0	279.79435219988227	0.75	0			
146	1	1	8	color	146	V	BACS2serif	0.0	255.0	0.0	280.7641125000082	0.75	0			
147	1	1	8	color	147	T	BACS2serif	255.0	127.0	0.0	281.739848600002	0.75	0			
148	1	1	8	color	148	W	BACS2serif	0.0	255.0	255.0	282.7348152999766	0.75	0			
149	1	1	8	color	149	U	BACS2serif	255.0	255.0	0.0	283.7215460999869	0.75	0			
150	1	1	8	color	150	Y	BACS2serif	75.0	0.0	130.0	284.6904712000396	0.75	0			
151	1	1	8	color	151	V	BACS2serif	0.0	255.0	0.0	285.66544370003976	0.75	0			
152	1	1	8	prompt	152						290.31165769998915	1.5	0	missing		0.0
153	1	1	9	black	153	U	BACS2serif	0.0	0.0	0.0	302.66337010008283	0.75	0			
154	1	1	9	black	154	Y	BACS2serif	0.0	0.0	0.0	303.66520019993186	0.75	0			
155	1	1	9	black	155	V	BACS2serif	0.0	0.0	0.0	304.65012430003844	0.75	0			
156	1	1	9	black	156	Z	BACS2serif	0.0	0.0	0.0	305.640219300054	0.75	0			
157	1	1	9	black	157	X	BACS2serif	0.0	0.0	0.0	306.6139237000607	0.75	0			
158	1	1	9	black	158	T	BACS2serif	0.0	0.0	0.0	307.6205625999719	0.75	0			
159	1	1	9	black	159	V	BACS2serif	0.0	0.0	0.0	308.61452709999867	0.75	0			
160	1	1	9	black	160	S	BACS2serif	0.0	0.0	0.0	309.58733029989526	0.75	0			
161	1	1	9	black	161	U	BACS2serif	0.0	0.0	0.0	310.58785480004735	0.75	0			
162	1	1	9	black	162	T	BACS2serif	0.0	0.0	0.0	311.5703646999318	0.75	0			
163	1	1	9	black	163	X	BACS2serif	0.0	0.0	0.0	312.57023809989914	0.75	0			
164	1	1	9	black	164	Y	BACS2serif	0.0	0.0	0.0	313.56565340003	0.75	0			
165	1	1	9	black	165	W	BACS2serif	0.0	0.0	0.0	314.538595699938	0.75	0			
166	1	1	9	black	166	S	BACS2serif	0.0	0.0	0.0	315.5328144999221	0.75	0			
167	1	1	9	black	167	Z	BACS2serif	0.0	0.0	0.0	316.5206766000483	0.75	0			
168	1	1	9	black	168	W	BACS2serif	0.0	0.0	0.0	317.52140019997023	0.75	0			
169	1	1	9	prompt	169						321.28184670000337	1.5	0	missing		0.0
170	1	1	10	color	170	Z	BACS2serif	148.0	0.0	211.0	334.55244629993103	0.75	0			
171	1	1	10	color	171	S	BACS2serif	255.0	0.0	0.0	335.54521150002256	0.75	0			
172	1	1	10	color	172	T	BACS2serif	255.0	127.0	0.0	336.54376680008136	0.75	0			
173	1	1	10	color	173	Z	BACS2serif	148.0	0.0	211.0	337.5201174998656	0.75	0			
174	1	1	10	color	174	V	BACS2serif	0.0	255.0	0.0	338.510292599909	0.75	0			
175	1	1	10	color	175	T	BACS2serif	255.0	127.0	0.0	339.5078910999	0.75	0			
176	1	1	10	color	176	U	BACS2serif	255.0	255.0	0.0	340.51213550008833	0.75	0			
177	1	1	10	color	177	V	BACS2serif	0.0	255.0	0.0	341.5069756999146	0.75	0			
178	1	1	10	color	178	X	BACS2serif-Italic	0.0	0.0	255.0	342.4946139000822	0.75	1			
179	1	1	10	color	179	Y	BACS2serif	75.0	0.0	130.0	343.4706355999224	0.75	0			
180	1	1	10	color	180	W	BACS2serif	0.0	255.0	255.0	344.4785132999532	0.75	0			
181	1	1	10	color	181	U	BACS2serif	255.0	255.0	0.0	345.4657910000533	0.75	0			
182	1	1	10	color	182	X	BACS2serif	0.0	0.0	255.0	346.45774829993024	0.75	0			
183	1	1	10	color	183	Y	BACS2serif	75.0	0.0	130.0	347.45823209988885	0.75	0			
184	1	1	10	color	184	S	BACS2serif	255.0	0.0	0.0	348.43711340008304	0.75	0			
185	1	1	10	color	185	W	BACS2serif	0.0	255.0	255.0	349.43732569995336	0.75	0			
186	1	1	10	prompt	186						352.5291128999088	1.5	1	missing		0.0
187	1	1	11	black	187	V	BACS2serif	0.0	0.0	0.0	366.43824619986117	0.75	0			
188	1	1	11	black	188	S	BACS2serif	0.0	0.0	0.0	367.4318691000808	0.75	0			
189	1	1	11	black	189	W	BACS2serif	0.0	0.0	0.0	368.4289456999395	0.75	0			
190	1	1	11	black	190	X	BACS2serif	0.0	0.0	0.0	369.4128036000766	0.75	0			
191	1	1	11	black	191	Z	BACS2serif	0.0	0.0	0.0	370.41928580007516	0.75	0			
192	1	1	11	black	192	T	BACS2serif	0.0	0.0	0.0	371.42141349986196	0.75	0			
193	1	1	11	black	193	V	BACS2serif	0.0	0.0	0.0	372.39842989994213	0.75	0			
194	1	1	11	black	194	X	BACS2serif	0.0	0.0	0.0	373.39582320000045	0.75	0			
195	1	1	11	black	195	Y	BACS2serif	0.0	0.0	0.0	374.37287719990127	0.75	0			
196	1	1	11	black	196	U	BACS2serif	0.0	0.0	0.0	375.35295249987394	0.75	0			
197	1	1	11	black	197	Y	BACS2serif	0.0	0.0	0.0	376.3332451998722	0.75	0			
198	1	1	11	black	198	S	BACS2serif	0.0	0.0	0.0	377.3046402998734	0.75	0			
199	1	1	11	black	199	U	BACS2serif-Italic	0.0	0.0	0.0	378.31303389999084	0.75	1			
200	1	1	11	black	200	T	BACS2serif	0.0	0.0	0.0	379.2899839999154	0.75	0			
201	1	1	11	black	201	W	BACS2serif	0.0	0.0	0.0	380.2963334999513	0.75	0			
202	1	1	11	black	202	Z	BACS2serif	0.0	0.0	0.0	381.2798055000603	0.75	0			
203	1	1	11	prompt	203						384.98671939992346	1.5	1	missing		0.0
