	subject	run	block	trial_type	trial_type_idx	trial_number	letter	font	r	g	b	onset	duration	signal_present	response	RT	correct
0	1	1	0	non_inducing_color	3	0	Z	BACS2serif	0.0	255.0	0.0	16.25518719991669	0.75	0			
1	1	1	0	non_inducing_color	3	1	W	BACS2serif	148.0	0.0	211.0	17.23969820002094	0.75	0			
2	1	1	0	non_inducing_color	3	2	Y	BACS2serif	255.0	0.0	0.0	18.23985659983009	0.75	0			
3	1	1	0	non_inducing_color	3	3	U	BACS2serif	255.0	127.0	0.0	19.240834899945185	0.75	0			
4	1	1	0	non_inducing_color	3	4	Y	BACS2serif	0.0	0.0	255.0	20.241862499853596	0.75	0			
5	1	1	0	non_inducing_color	3	5	U	BACS2serif	148.0	0.0	211.0	21.226560899987817	0.75	0			
6	1	1	0	non_inducing_color	3	6	W	BACS2serif	255.0	127.0	0.0	22.227657499955967	0.75	0			
7	1	1	0	non_inducing_color	3	7	X	BACS2serif	255.0	255.0	0.0	23.24545559985563	0.75	0			
8	1	1	0	non_inducing_color	3	8	V	BACS2serif-Italic	0.0	0.0	255.0	24.26334279985167	0.75	1			
9	1	1	0	non_inducing_color	3	9	T	BACS2serif	75.0	0.0	130.0	25.264456099830568	0.75	0			
10	1	1	0	non_inducing_color	3	10	Z	BACS2serif	75.0	0.0	130.0	26.28219860000536	0.75	0			
11	1	1	0	non_inducing_color	3	11	T	BACS2serif	0.0	255.0	0.0	27.300012399908155	0.75	0			
12	1	1	0	non_inducing_color	3	12	S	BACS2serif	0.0	255.0	255.0	28.31789379986003	0.75	0			
13	1	1	0	non_inducing_color	3	13	X	BACS2serif	0.0	255.0	255.0	29.302390199853107	0.75	0			
14	1	1	0	non_inducing_color	3	14	V	BACS2serif	255.0	0.0	0.0	30.303427399834618	0.75	0			
15	1	1	0	non_inducing_color	3	15	S	BACS2serif	255.0	255.0	0.0	31.321735400008038	0.75	0			
16	1	1	0	prompt	3	16						35.442590499995276	1.5	1	missing		0.0
17	1	1	1	non_inducing_black	1	17	Y	BACS2serif	0.0	0.0	0.0	48.37383619998582	0.75	0			
18	1	1	1	non_inducing_black	1	18	T	BACS2serif	0.0	0.0	0.0	49.35827109985985	0.75	0			
19	1	1	1	non_inducing_black	1	19	Z	BACS2serif	0.0	0.0	0.0	50.342672100057825	0.75	0			
20	1	1	1	non_inducing_black	1	20	X	BACS2serif	0.0	0.0	0.0	51.343820799840614	0.75	0			
21	1	1	1	non_inducing_black	1	21	Z	BACS2serif	0.0	0.0	0.0	52.361597599927336	0.75	0			
22	1	1	1	non_inducing_black	1	22	V	BACS2serif	0.0	0.0	0.0	53.3624686000403	0.75	0			
23	1	1	1	non_inducing_black	1	23	U	BACS2serif	0.0	0.0	0.0	54.38051239983179	0.75	0			
24	1	1	1	non_inducing_black	1	24	W	BACS2serif	0.0	0.0	0.0	55.38162969984114	0.75	0			
25	1	1	1	non_inducing_black	1	25	X	BACS2serif	0.0	0.0	0.0	56.36606899998151	0.75	0			
26	1	1	1	non_inducing_black	1	26	W	BACS2serif	0.0	0.0	0.0	57.35052379989065	0.75	0			
27	1	1	1	non_inducing_black	1	27	S	BACS2serif	0.0	0.0	0.0	58.35159450001083	0.75	0			
28	1	1	1	non_inducing_black	1	28	Y	BACS2serif	0.0	0.0	0.0	59.35276379995048	0.75	0			
29	1	1	1	non_inducing_black	1	29	T	BACS2serif	0.0	0.0	0.0	60.37049619993195	0.75	0			
30	1	1	1	non_inducing_black	1	30	V	BACS2serif	0.0	0.0	0.0	61.37185549992137	0.75	0			
31	1	1	1	non_inducing_black	1	31	U	BACS2serif	0.0	0.0	0.0	62.373982100049034	0.75	0			
32	1	1	1	non_inducing_black	1	32	S	BACS2serif	0.0	0.0	0.0	63.374259899836034	0.75	0			
33	1	1	1	prompt	1	33						67.34512439998798	1.5	0	missing		0.0
34	1	1	2	inducing_congruent	2	34	C	CourierNew	255.0	255.0	0.0	80.42665100004524	0.75	0			
35	1	1	2	inducing_congruent	2	35	A	CourierNew	255.0	0.0	0.0	81.42776399990544	0.75	0			
36	1	1	2	inducing_congruent	2	36	C	CourierNew	255.0	255.0	0.0	82.42892699991353	0.75	0			
37	1	1	2	inducing_congruent	2	37	E	CourierNew	0.0	255.0	255.0	83.42989659984596	0.75	0			
38	1	1	2	inducing_congruent	2	38	A	CourierNew	255.0	0.0	0.0	84.43106149998493	0.75	0			
39	1	1	2	inducing_congruent	2	39	E	CourierNew	0.0	255.0	255.0	85.43223190004937	0.75	0			
40	1	1	2	inducing_congruent	2	40	B	CourierNew	255.0	127.0	0.0	86.45024769986048	0.75	0			
41	1	1	2	inducing_congruent	2	41	H	CourierNew	148.0	0.0	211.0	87.46785639994778	0.75	0			
42	1	1	2	inducing_congruent	2	42	D	CourierNew	0.0	255.0	0.0	88.46905169985257	0.75	0			
43	1	1	2	inducing_congruent	2	43	F	CourierNew	0.0	0.0	255.0	89.47015860001557	0.75	0			
44	1	1	2	inducing_congruent	2	44	H	CourierNew	148.0	0.0	211.0	90.48797909985296	0.75	0			
45	1	1	2	inducing_congruent	2	45	G	CourierNew	75.0	0.0	130.0	91.48953519994393	0.75	0			
46	1	1	2	inducing_congruent	2	46	B	CourierNew	255.0	127.0	0.0	92.50791429984383	0.75	0			
47	1	1	2	inducing_congruent	2	47	G	CourierNew	75.0	0.0	130.0	93.49167479993775	0.75	0			
48	1	1	2	inducing_congruent	2	48	F	CourierNew	0.0	0.0	255.0	94.4757766998373	0.75	0			
49	1	1	2	inducing_congruent	2	49	D	CourierNew	0.0	255.0	0.0	95.4936915000435	0.75	0			
50	1	1	2	prompt	2	50						98.3469244998414	1.5	0	missing		0.0
51	1	1	3	inducing_incongruent	4	51	A	CourierNew	255.0	127.0	0.0	112.5295306998305	0.75	0			
52	1	1	3	inducing_incongruent	4	52	B	CourierNew	0.0	0.0	255.0	113.51400269987062	0.75	0			
53	1	1	3	inducing_incongruent	4	53	E	CourierNew-Italic	255.0	0.0	0.0	114.53162300004624	0.75	1			
54	1	1	3	inducing_incongruent	4	54	F	CourierNew	75.0	0.0	130.0	115.54965019994415	0.75	0			
55	1	1	3	inducing_incongruent	4	55	A	CourierNew	255.0	255.0	0.0	116.53405669983476	0.75	0			
56	1	1	3	inducing_incongruent	4	56	D	CourierNew	0.0	255.0	255.0	117.55167700001039	0.75	0			
57	1	1	3	inducing_incongruent	4	57	F	CourierNew	255.0	0.0	0.0	118.55296740005724	0.75	0			
58	1	1	3	inducing_incongruent	4	58	C	CourierNew	0.0	255.0	0.0	119.57077359990217	0.75	0			
59	1	1	3	inducing_incongruent	4	59	B	CourierNew	0.0	255.0	255.0	120.58853639988229	0.75	0			
60	1	1	3	inducing_incongruent	4	60	D	CourierNew	255.0	127.0	0.0	121.58949459996074	0.75	0			
61	1	1	3	inducing_incongruent	4	61	H	CourierNew	255.0	255.0	0.0	122.6085309998598	0.75	0			
62	1	1	3	inducing_incongruent	4	62	E	CourierNew	75.0	0.0	130.0	123.60907919984311	0.75	0			
63	1	1	3	inducing_incongruent	4	63	H	CourierNew	0.0	255.0	0.0	124.62647569994442	0.75	0			
64	1	1	3	inducing_incongruent	4	64	G	CourierNew	148.0	0.0	211.0	125.61070650001056	0.75	0			
65	1	1	3	inducing_incongruent	4	65	C	CourierNew	148.0	0.0	211.0	126.61212079995312	0.75	0			
66	1	1	3	inducing_incongruent	4	66	G	CourierNew	0.0	0.0	255.0	127.62988569983281	0.75	0			
67	1	1	3	prompt	4	67						131.53428309992887	1.5	1	missing		0.0
68	1	1	4	inducing_black	0	68	F	CourierNew	0.0	0.0	0.0	144.69913959992118	0.75	0			
69	1	1	4	inducing_black	0	69	E	CourierNew	0.0	0.0	0.0	145.6836029998958	0.75	0			
70	1	1	4	inducing_black	0	70	B	CourierNew	0.0	0.0	0.0	146.66778360004537	0.75	0			
71	1	1	4	inducing_black	0	71	D	CourierNew	0.0	0.0	0.0	147.6524030000437	0.75	0			
72	1	1	4	inducing_black	0	72	B	CourierNew	0.0	0.0	0.0	148.67013409989886	0.75	0			
73	1	1	4	inducing_black	0	73	A	CourierNew	0.0	0.0	0.0	149.68798929988407	0.75	0			
74	1	1	4	inducing_black	0	74	C	CourierNew	0.0	0.0	0.0	150.67241070000455	0.75	0			
75	1	1	4	inducing_black	0	75	G	CourierNew	0.0	0.0	0.0	151.6736107999459	0.75	0			
76	1	1	4	inducing_black	0	76	A	CourierNew	0.0	0.0	0.0	152.69238490005955	0.75	0			
77	1	1	4	inducing_black	0	77	F	CourierNew	0.0	0.0	0.0	153.67646469990723	0.75	0			
78	1	1	4	inducing_black	0	78	D	CourierNew	0.0	0.0	0.0	154.66031989990734	0.75	0			
79	1	1	4	inducing_black	0	79	E	CourierNew	0.0	0.0	0.0	155.67814299999736	0.75	0			
80	1	1	4	inducing_black	0	80	H	CourierNew	0.0	0.0	0.0	156.67919219983742	0.75	0			
81	1	1	4	inducing_black	0	81	G	CourierNew-Italic	0.0	0.0	0.0	157.66377869993448	0.75	1			
82	1	1	4	inducing_black	0	82	C	CourierNew	0.0	0.0	0.0	158.6813719999045	0.75	0			
83	1	1	4	inducing_black	0	83	H	CourierNew	0.0	0.0	0.0	159.6828185999766	0.75	0			
84	1	1	4	prompt	0	84						163.11990319984034	1.5	1	missing		0.0
85	1	1	5	non_inducing_color	3	85	V	BACS2serif	255.0	127.0	0.0	176.75164849986322	0.75	0			
86	1	1	5	non_inducing_color	3	86	T	BACS2serif	0.0	255.0	255.0	177.76966640003957	0.75	0			
87	1	1	5	non_inducing_color	3	87	Y	BACS2serif	148.0	0.0	211.0	178.770766899921	0.75	0			
88	1	1	5	non_inducing_color	3	88	W	BACS2serif	0.0	0.0	255.0	179.75529229990207	0.75	0			
89	1	1	5	non_inducing_color	3	89	Z	BACS2serif	255.0	255.0	0.0	180.73961329995655	0.75	0			
90	1	1	5	non_inducing_color	3	90	Y	BACS2serif	255.0	127.0	0.0	181.75741449999623	0.75	0			
91	1	1	5	non_inducing_color	3	91	X	BACS2serif	75.0	0.0	130.0	182.75969179999083	0.75	0			
92	1	1	5	non_inducing_color	3	92	U	BACS2serif	255.0	0.0	0.0	183.7604938999284	0.75	0			
93	1	1	5	non_inducing_color	3	93	S	BACS2serif	0.0	255.0	0.0	184.7607771998737	0.75	0			
94	1	1	5	non_inducing_color	3	94	T	BACS2serif	255.0	255.0	0.0	185.7787124000024	0.75	0			
95	1	1	5	non_inducing_color	3	95	S	BACS2serif	75.0	0.0	130.0	186.7964420998469	0.75	0			
96	1	1	5	non_inducing_color	3	96	X	BACS2serif	0.0	255.0	0.0	187.78075239993632	0.75	0			
97	1	1	5	non_inducing_color	3	97	W	BACS2serif	255.0	0.0	0.0	188.78209650004283	0.75	0			
98	1	1	5	non_inducing_color	3	98	V	BACS2serif	148.0	0.0	211.0	189.79984009987675	0.75	0			
99	1	1	5	non_inducing_color	3	99	U	BACS2serif	0.0	0.0	255.0	190.78430780000053	0.75	0			
100	1	1	5	non_inducing_color	3	100	Z	BACS2serif	0.0	255.0	255.0	191.80205639987253	0.75	0			
101	1	1	5	prompt	3	101						195.4495097999461	1.5	0	missing		0.0
102	1	1	6	inducing_congruent	2	102	D	CourierNew	0.0	255.0	0.0	208.90487109986134	0.75	0			
103	1	1	6	inducing_congruent	2	103	C	CourierNew	255.0	255.0	0.0	209.90605810005218	0.75	0			
104	1	1	6	inducing_congruent	2	104	G	CourierNew	75.0	0.0	130.0	210.9237393999938	0.75	0			
105	1	1	6	inducing_congruent	2	105	E	CourierNew	0.0	255.0	255.0	211.94145160005428	0.75	0			
106	1	1	6	inducing_congruent	2	106	F	CourierNew	0.0	0.0	255.0	212.96039019990712	0.75	0			
107	1	1	6	inducing_congruent	2	107	B	CourierNew	255.0	127.0	0.0	213.97785779996775	0.75	0			
108	1	1	6	inducing_congruent	2	108	E	CourierNew	0.0	255.0	255.0	214.9951231998857	0.75	0			
109	1	1	6	inducing_congruent	2	109	A	CourierNew-Italic	255.0	0.0	0.0	216.01293159998022	0.75	1			
110	1	1	6	inducing_congruent	2	110	G	CourierNew	75.0	0.0	130.0	217.03062499989755	0.75	0			
111	1	1	6	inducing_congruent	2	111	C	CourierNew	255.0	255.0	0.0	218.03167909989133	0.75	0			
112	1	1	6	inducing_congruent	2	112	H	CourierNew	148.0	0.0	211.0	219.04973049997352	0.75	0			
113	1	1	6	inducing_congruent	2	113	B	CourierNew	255.0	127.0	0.0	220.06743859988637	0.75	0			
114	1	1	6	inducing_congruent	2	114	F	CourierNew	0.0	0.0	255.0	221.05185629986227	0.75	0			
115	1	1	6	inducing_congruent	2	115	D	CourierNew	0.0	255.0	0.0	222.03627929999493	0.75	0			
116	1	1	6	inducing_congruent	2	116	H	CourierNew	148.0	0.0	211.0	223.03734779986553	0.75	0			
117	1	1	6	inducing_congruent	2	117	A	CourierNew	255.0	0.0	0.0	224.038495299872	0.75	0			
118	1	1	6	prompt	2	118						227.39289929997176	1.5	1	missing		0.0
119	1	1	7	inducing_black	0	119	H	CourierNew	0.0	0.0	0.0	241.0744026999455	0.75	0			
120	1	1	7	inducing_black	0	120	D	CourierNew	0.0	0.0	0.0	242.0754072999116	0.75	0			
121	1	1	7	inducing_black	0	121	B	CourierNew	0.0	0.0	0.0	243.06093549984507	0.75	0			
122	1	1	7	inducing_black	0	122	A	CourierNew	0.0	0.0	0.0	244.04525319999084	0.75	0			
123	1	1	7	inducing_black	0	123	E	CourierNew	0.0	0.0	0.0	245.04575749998912	0.75	0			
124	1	1	7	inducing_black	0	124	C	CourierNew	0.0	0.0	0.0	246.06336120003834	0.75	0			
125	1	1	7	inducing_black	0	125	G	CourierNew	0.0	0.0	0.0	247.08103269990534	0.75	0			
126	1	1	7	inducing_black	0	126	B	CourierNew	0.0	0.0	0.0	248.06573190004565	0.75	0			
127	1	1	7	inducing_black	0	127	A	CourierNew	0.0	0.0	0.0	249.08330429997295	0.75	0			
128	1	1	7	inducing_black	0	128	C	CourierNew	0.0	0.0	0.0	250.08460349985398	0.75	0			
129	1	1	7	inducing_black	0	129	D	CourierNew	0.0	0.0	0.0	251.08555339998566	0.75	0			
130	1	1	7	inducing_black	0	130	E	CourierNew	0.0	0.0	0.0	252.0867267998401	0.75	0			
131	1	1	7	inducing_black	0	131	F	CourierNew-Italic	0.0	0.0	0.0	253.10463469987735	0.75	1			
132	1	1	7	inducing_black	0	132	H	CourierNew	0.0	0.0	0.0	254.10570529988036	0.75	0			
133	1	1	7	inducing_black	0	133	F	CourierNew	0.0	0.0	0.0	255.10693200002424	0.75	0			
134	1	1	7	inducing_black	0	134	G	CourierNew	0.0	0.0	0.0	256.1079793998506	0.75	0			
135	1	1	7	prompt	0	135						260.3962509999983	1.5	1	missing		0.0
136	1	1	8	inducing_incongruent	4	136	C	CourierNew	255.0	127.0	0.0	273.1448747999966	0.75	0			
137	1	1	8	inducing_incongruent	4	137	A	CourierNew	148.0	0.0	211.0	274.14600009983405	0.75	0			
138	1	1	8	inducing_incongruent	4	138	D	CourierNew	0.0	0.0	255.0	275.14630130003206	0.75	0			
139	1	1	8	inducing_incongruent	4	139	B	CourierNew	255.0	255.0	0.0	276.13058370002545	0.75	0			
140	1	1	8	inducing_incongruent	4	140	G	CourierNew	0.0	255.0	255.0	277.1482837998774	0.75	0			
141	1	1	8	inducing_incongruent	4	141	F	CourierNew	0.0	255.0	0.0	278.16616609995253	0.75	0			
142	1	1	8	inducing_incongruent	4	142	H	CourierNew	255.0	0.0	0.0	279.1673611998558	0.75	0			
143	1	1	8	inducing_incongruent	4	143	C	CourierNew	148.0	0.0	211.0	280.1685807998292	0.75	0			
144	1	1	8	inducing_incongruent	4	144	B	CourierNew	255.0	0.0	0.0	281.1696480999235	0.75	0			
145	1	1	8	inducing_incongruent	4	145	H	CourierNew	75.0	0.0	130.0	282.18738569994457	0.75	0			
146	1	1	8	inducing_incongruent	4	146	F	CourierNew	255.0	127.0	0.0	283.2052968000062	0.75	0			
147	1	1	8	inducing_incongruent	4	147	D	CourierNew	255.0	255.0	0.0	284.223033499904	0.75	0			
148	1	1	8	inducing_incongruent	4	148	G	CourierNew	0.0	0.0	255.0	285.2075457999017	0.75	0			
149	1	1	8	inducing_incongruent	4	149	E	CourierNew	75.0	0.0	130.0	286.2253378999885	0.75	0			
150	1	1	8	inducing_incongruent	4	150	A	CourierNew	0.0	255.0	255.0	287.2097471000161	0.75	0			
151	1	1	8	inducing_incongruent	4	151	E	CourierNew	0.0	255.0	0.0	288.2113858999219	0.75	0			
152	1	1	8	prompt	4	152						292.66590809985064	1.5	0	missing		0.0
153	1	1	9	non_inducing_black	1	153	T	BACS2serif	0.0	0.0	0.0	305.2633626998868	0.75	0			
154	1	1	9	non_inducing_black	1	154	V	BACS2serif	0.0	0.0	0.0	306.2646345999092	0.75	0			
155	1	1	9	non_inducing_black	1	155	U	BACS2serif	0.0	0.0	0.0	307.24873519991525	0.75	0			
156	1	1	9	non_inducing_black	1	156	T	BACS2serif	0.0	0.0	0.0	308.23346260003746	0.75	0			
157	1	1	9	non_inducing_black	1	157	Z	BACS2serif	0.0	0.0	0.0	309.2178094999399	0.75	0			
158	1	1	9	non_inducing_black	1	158	X	BACS2serif	0.0	0.0	0.0	310.21892059990205	0.75	0			
159	1	1	9	non_inducing_black	1	159	V	BACS2serif	0.0	0.0	0.0	311.23678539996035	0.75	0			
160	1	1	9	non_inducing_black	1	160	Z	BACS2serif	0.0	0.0	0.0	312.2210360998288	0.75	0			
161	1	1	9	non_inducing_black	1	161	W	BACS2serif	0.0	0.0	0.0	313.2390818998683	0.75	0			
162	1	1	9	non_inducing_black	1	162	Y	BACS2serif	0.0	0.0	0.0	314.22346799983643	0.75	0			
163	1	1	9	non_inducing_black	1	163	W	BACS2serif	0.0	0.0	0.0	315.24112299992703	0.75	0			
164	1	1	9	non_inducing_black	1	164	Y	BACS2serif	0.0	0.0	0.0	316.259178499924	0.75	0			
165	1	1	9	non_inducing_black	1	165	S	BACS2serif	0.0	0.0	0.0	317.2768929998856	0.75	0			
166	1	1	9	non_inducing_black	1	166	X	BACS2serif	0.0	0.0	0.0	318.26146449986845	0.75	0			
167	1	1	9	non_inducing_black	1	167	U	BACS2serif-Italic	0.0	0.0	0.0	319.28021309990436	0.75	1			
168	1	1	9	non_inducing_black	1	168	S	BACS2serif	0.0	0.0	0.0	320.2803038000129	0.75	0			
169	1	1	9	prompt	1	169						323.10013929987326	1.5	1	missing		0.0
170	1	1	10	non_inducing_color	3	170	Y	BACS2serif	75.0	0.0	130.0	337.34971609991044	0.75	0			
171	1	1	10	non_inducing_color	3	171	S	BACS2serif	255.0	0.0	0.0	338.3673806998413	0.75	0			
172	1	1	10	non_inducing_color	3	172	Y	BACS2serif	0.0	255.0	0.0	339.385167399887	0.75	0			
173	1	1	10	non_inducing_color	3	173	S	BACS2serif	0.0	0.0	255.0	340.4030538999941	0.75	0			
174	1	1	10	non_inducing_color	3	174	T	BACS2serif	255.0	127.0	0.0	341.4041993999854	0.75	0			
175	1	1	10	non_inducing_color	3	175	Z	BACS2serif	148.0	0.0	211.0	342.4218615000136	0.75	0			
176	1	1	10	non_inducing_color	3	176	U	BACS2serif	255.0	255.0	0.0	343.4398252000101	0.75	0			
177	1	1	10	non_inducing_color	3	177	T	BACS2serif	148.0	0.0	211.0	344.42410920001566	0.75	0			
178	1	1	10	non_inducing_color	3	178	W	BACS2serif	0.0	255.0	255.0	345.42542460002005	0.75	0			
179	1	1	10	non_inducing_color	3	179	X	BACS2serif	0.0	0.0	255.0	346.4431959998328	0.75	0			
180	1	1	10	non_inducing_color	3	180	V	BACS2serif	0.0	255.0	0.0	347.46088199992664	0.75	0			
181	1	1	10	non_inducing_color	3	181	W	BACS2serif	255.0	255.0	0.0	348.4460109998472	0.75	0			
182	1	1	10	non_inducing_color	3	182	X	BACS2serif	255.0	0.0	0.0	349.4308807000052	0.75	0			
183	1	1	10	non_inducing_color	3	183	Z	BACS2serif	255.0	127.0	0.0	350.43106149998493	0.75	0			
184	1	1	10	non_inducing_color	3	184	V	BACS2serif	75.0	0.0	130.0	351.4321435999591	0.75	0			
185	1	1	10	non_inducing_color	3	185	U	BACS2serif	0.0	255.0	255.0	352.44994769990444	0.75	0			
186	1	1	10	prompt	3	186						356.8383859000169	1.5	0	missing		0.0
187	1	1	11	non_inducing_black	1	187	W	BACS2serif	0.0	0.0	0.0	369.5191244999878	0.75	0			
188	1	1	11	non_inducing_black	1	188	Z	BACS2serif	0.0	0.0	0.0	370.536889199866	0.75	0			
189	1	1	11	non_inducing_black	1	189	S	BACS2serif	0.0	0.0	0.0	371.5550024998374	0.75	0			
190	1	1	11	non_inducing_black	1	190	V	BACS2serif	0.0	0.0	0.0	372.55586969992146	0.75	0			
191	1	1	11	non_inducing_black	1	191	W	BACS2serif	0.0	0.0	0.0	373.5405063999351	0.75	0			
192	1	1	11	non_inducing_black	1	192	Z	BACS2serif	0.0	0.0	0.0	374.5412387000397	0.75	0			
193	1	1	11	non_inducing_black	1	193	X	BACS2serif	0.0	0.0	0.0	375.54243050003424	0.75	0			
194	1	1	11	non_inducing_black	1	194	T	BACS2serif	0.0	0.0	0.0	376.5269186999649	0.75	0			
195	1	1	11	non_inducing_black	1	195	V	BACS2serif	0.0	0.0	0.0	377.54485649988055	0.75	0			
196	1	1	11	non_inducing_black	1	196	S	BACS2serif	0.0	0.0	0.0	378.54614389990456	0.75	0			
197	1	1	11	non_inducing_black	1	197	Y	BACS2serif	0.0	0.0	0.0	379.5315192998387	0.75	0			
198	1	1	11	non_inducing_black	1	198	U	BACS2serif	0.0	0.0	0.0	380.5485161000397	0.75	0			
199	1	1	11	non_inducing_black	1	199	X	BACS2serif	0.0	0.0	0.0	381.53268969990313	0.75	0			
200	1	1	11	non_inducing_black	1	200	T	BACS2serif	0.0	0.0	0.0	382.53379109990783	0.75	0			
201	1	1	11	non_inducing_black	1	201	U	BACS2serif	0.0	0.0	0.0	383.5348942000419	0.75	0			
202	1	1	11	non_inducing_black	1	202	Y	BACS2serif	0.0	0.0	0.0	384.5191242999863	0.75	0			
203	1	1	11	prompt	1	203						389.0410219000187	1.5	0	missing		0.0
204	1	1	12	inducing_congruent	2	204	E	CourierNew	0.0	255.0	255.0	401.57197859999724	0.75	0			
205	1	1	12	inducing_congruent	2	205	F	CourierNew	0.0	0.0	255.0	402.5730955998879	0.75	0			
206	1	1	12	inducing_congruent	2	206	C	CourierNew	255.0	255.0	0.0	403.57447270001285	0.75	0			
207	1	1	12	inducing_congruent	2	207	F	CourierNew	0.0	0.0	255.0	404.57536270003766	0.75	0			
208	1	1	12	inducing_congruent	2	208	D	CourierNew	0.0	255.0	0.0	405.576504800003	0.75	0			
209	1	1	12	inducing_congruent	2	209	B	CourierNew	255.0	127.0	0.0	406.5941782000009	0.75	0			
210	1	1	12	inducing_congruent	2	210	G	CourierNew	75.0	0.0	130.0	407.61195979989134	0.75	0			
211	1	1	12	inducing_congruent	2	211	H	CourierNew	148.0	0.0	211.0	408.6134637000505	0.75	0			
212	1	1	12	inducing_congruent	2	212	B	CourierNew	255.0	127.0	0.0	409.6153512999881	0.75	0			
213	1	1	12	inducing_congruent	2	213	A	CourierNew	255.0	0.0	0.0	410.6325679998845	0.75	0			
214	1	1	12	inducing_congruent	2	214	D	CourierNew	0.0	255.0	0.0	411.63317000004463	0.75	0			
215	1	1	12	inducing_congruent	2	215	A	CourierNew	255.0	0.0	0.0	412.63448779983446	0.75	0			
216	1	1	12	inducing_congruent	2	216	E	CourierNew	0.0	255.0	255.0	413.6189755999949	0.75	0			
217	1	1	12	inducing_congruent	2	217	H	CourierNew	148.0	0.0	211.0	414.62001239997335	0.75	0			
218	1	1	12	inducing_congruent	2	218	C	CourierNew	255.0	255.0	0.0	415.6378661999479	0.75	0			
219	1	1	12	inducing_congruent	2	219	G	CourierNew	75.0	0.0	130.0	416.6389209998306	0.75	0			
220	1	1	12	prompt	2	220						419.90935850003734	1.5	0	missing		0.0
221	1	1	13	inducing_black	0	221	A	CourierNew	0.0	0.0	0.0	433.70832569990307	0.75	0			
222	1	1	13	inducing_black	0	222	B	CourierNew	0.0	0.0	0.0	434.6923301999923	0.75	0			
223	1	1	13	inducing_black	0	223	D	CourierNew	0.0	0.0	0.0	435.69370749988593	0.75	0			
224	1	1	13	inducing_black	0	224	B	CourierNew	0.0	0.0	0.0	436.69485339988023	0.75	0			
225	1	1	13	inducing_black	0	225	F	CourierNew-Italic	0.0	0.0	0.0	437.67932670004666	0.75	1			
226	1	1	13	inducing_black	0	226	E	CourierNew	0.0	0.0	0.0	438.6972352999728	0.75	0			
227	1	1	13	inducing_black	0	227	D	CourierNew	0.0	0.0	0.0	439.69926339993253	0.75	0			
228	1	1	13	inducing_black	0	228	A	CourierNew	0.0	0.0	0.0	440.71664819982834	0.75	0			
229	1	1	13	inducing_black	0	229	F	CourierNew	0.0	0.0	0.0	441.7170011999551	0.75	0			
230	1	1	13	inducing_black	0	230	H	CourierNew	0.0	0.0	0.0	442.7349618000444	0.75	0			
231	1	1	13	inducing_black	0	231	C	CourierNew	0.0	0.0	0.0	443.73611319996417	0.75	0			
232	1	1	13	inducing_black	0	232	G	CourierNew	0.0	0.0	0.0	444.7372202000115	0.75	0			
233	1	1	13	inducing_black	0	233	E	CourierNew	0.0	0.0	0.0	445.7215881999582	0.75	0			
234	1	1	13	inducing_black	0	234	G	CourierNew	0.0	0.0	0.0	446.7061222998891	0.75	0			
235	1	1	13	inducing_black	0	235	H	CourierNew	0.0	0.0	0.0	447.7239433999639	0.75	0			
236	1	1	13	inducing_black	0	236	C	CourierNew	0.0	0.0	0.0	448.7416026999708	0.75	0			
237	1	1	13	prompt	0	237						452.16231229994446	1.5	1	missing		0.0
238	1	1	14	inducing_incongruent	4	238	E	CourierNew	148.0	0.0	211.0	465.77678889990784	0.75	0			
239	1	1	14	inducing_incongruent	4	239	F	CourierNew	0.0	255.0	255.0	466.76729109999724	0.75	0			
240	1	1	14	inducing_incongruent	4	240	B	CourierNew	0.0	255.0	0.0	467.7580972998403	0.75	0			
241	1	1	14	inducing_incongruent	4	241	A	CourierNew	255.0	255.0	0.0	468.7339373999275	0.75	0			
242	1	1	14	inducing_incongruent	4	242	D	CourierNew	75.0	0.0	130.0	469.7283613998443	0.75	0			
243	1	1	14	inducing_incongruent	4	243	B	CourierNew	75.0	0.0	130.0	470.72073479997925	0.75	0			
244	1	1	14	inducing_incongruent	4	244	H	CourierNew	255.0	127.0	0.0	471.7061310999561	0.75	0			
245	1	1	14	inducing_incongruent	4	245	C	CourierNew	0.0	0.0	255.0	472.68768019997515	0.75	0			
246	1	1	14	inducing_incongruent	4	246	H	CourierNew	0.0	255.0	0.0	473.69114949996583	0.75	0			
247	1	1	14	inducing_incongruent	4	247	D	CourierNew	255.0	0.0	0.0	474.6691068999935	0.75	0			
248	1	1	14	inducing_incongruent	4	248	F	CourierNew	148.0	0.0	211.0	475.66650779987685	0.75	0			
249	1	1	14	inducing_incongruent	4	249	G	CourierNew	255.0	0.0	0.0	476.65286959987134	0.75	0			
250	1	1	14	inducing_incongruent	4	250	E	CourierNew	255.0	127.0	0.0	477.6336389000062	0.75	0			
251	1	1	14	inducing_incongruent	4	251	A	CourierNew	0.0	0.0	255.0	478.62332329992205	0.75	0			
252	1	1	14	inducing_incongruent	4	252	C	CourierNew	0.0	255.0	255.0	479.63212669990025	0.75	0			
253	1	1	14	inducing_incongruent	4	253	G	CourierNew	255.0	255.0	0.0	480.62615659995936	0.75	0			
254	1	1	14	prompt	4	254						484.58222329989076	1.5	0	missing		0.0
255	1	1	15	non_inducing_black	1	255	Z	BACS2serif	0.0	0.0	0.0	497.6575054998975	0.75	0			
256	1	1	15	non_inducing_black	1	256	T	BACS2serif	0.0	0.0	0.0	498.66585640003905	0.75	0			
257	1	1	15	non_inducing_black	1	257	S	BACS2serif	0.0	0.0	0.0	499.6587789999321	0.75	0			
258	1	1	15	non_inducing_black	1	258	T	BACS2serif	0.0	0.0	0.0	500.6506819999777	0.75	0			
259	1	1	15	non_inducing_black	1	259	Y	BACS2serif	0.0	0.0	0.0	501.63506969995797	0.75	0			
260	1	1	15	non_inducing_black	1	260	S	BACS2serif	0.0	0.0	0.0	502.6313690999523	0.75	0			
261	1	1	15	non_inducing_black	1	261	Y	BACS2serif	0.0	0.0	0.0	503.6391266998835	0.75	0			
262	1	1	15	non_inducing_black	1	262	W	BACS2serif	0.0	0.0	0.0	504.6179757998325	0.75	0			
263	1	1	15	non_inducing_black	1	263	V	BACS2serif	0.0	0.0	0.0	505.60764059983194	0.75	0			
264	1	1	15	non_inducing_black	1	264	W	BACS2serif	0.0	0.0	0.0	506.58653029985726	0.75	0			
265	1	1	15	non_inducing_black	1	265	V	BACS2serif	0.0	0.0	0.0	507.563657599967	0.75	0			
266	1	1	15	non_inducing_black	1	266	U	BACS2serif	0.0	0.0	0.0	508.54030959983356	0.75	0			
267	1	1	15	non_inducing_black	1	267	X	BACS2serif	0.0	0.0	0.0	509.5117881000042	0.75	0			
268	1	1	15	non_inducing_black	1	268	Z	BACS2serif	0.0	0.0	0.0	510.49158919998445	0.75	0			
269	1	1	15	non_inducing_black	1	269	U	BACS2serif	0.0	0.0	0.0	511.49005619995296	0.75	0			
270	1	1	15	non_inducing_black	1	270	X	BACS2serif	0.0	0.0	0.0	512.4684035999235	0.75	0			
271	1	1	15	prompt	1	271						515.747914099833	1.5	0	no	516.6383998999372	1.0
272	1	1	16	inducing_congruent	2	272	H	CourierNew	148.0	0.0	211.0	529.4789865999483	0.75	0			
273	1	1	16	inducing_congruent	2	273	F	CourierNew	0.0	0.0	255.0	530.4850985000376	0.75	0			
274	1	1	16	inducing_congruent	2	274	C	CourierNew	255.0	255.0	0.0	531.4876308999956	0.75	0			
275	1	1	16	inducing_congruent	2	275	A	CourierNew-Italic	255.0	0.0	0.0	532.4666540999897	0.75	1			
276	1	1	16	inducing_congruent	2	276	B	CourierNew	255.0	127.0	0.0	533.4485714999028	0.75	0			
277	1	1	16	inducing_congruent	2	277	E	CourierNew	0.0	255.0	255.0	534.4330640998669	0.75	0			
278	1	1	16	inducing_congruent	2	278	F	CourierNew	0.0	0.0	255.0	535.4244101999793	0.75	0			
279	1	1	16	inducing_congruent	2	279	H	CourierNew	148.0	0.0	211.0	536.400261499919	0.75	0			
280	1	1	16	inducing_congruent	2	280	D	CourierNew	0.0	255.0	0.0	537.4067559998948	0.75	0			
281	1	1	16	inducing_congruent	2	281	G	CourierNew	75.0	0.0	130.0	538.4085234999657	0.75	0			
282	1	1	16	inducing_congruent	2	282	C	CourierNew	255.0	255.0	0.0	539.4177496999037	0.75	0			
283	1	1	16	inducing_congruent	2	283	G	CourierNew	75.0	0.0	130.0	540.402431699913	0.75	0			
284	1	1	16	inducing_congruent	2	284	E	CourierNew	0.0	255.0	255.0	541.4016890998464	0.75	0			
285	1	1	16	inducing_congruent	2	285	A	CourierNew	255.0	0.0	0.0	542.3991014999337	0.75	0			
286	1	1	16	inducing_congruent	2	286	B	CourierNew	255.0	127.0	0.0	543.3987845999654	0.75	0			
287	1	1	16	inducing_congruent	2	287	D	CourierNew	0.0	255.0	0.0	544.394888699986	0.75	0			
288	1	1	16	prompt	2	288						548.4238018998876	1.5	1	no	549.5023878999054	0.0
289	1	1	17	non_inducing_color	3	289	W	BACS2serif	0.0	255.0	0.0	561.4047459999565	0.75	0			
290	1	1	17	non_inducing_color	3	290	U	BACS2serif	75.0	0.0	130.0	562.4094332000241	0.75	0			
291	1	1	17	non_inducing_color	3	291	T	BACS2serif	255.0	0.0	0.0	563.3990193000063	0.75	0			
292	1	1	17	non_inducing_color	3	292	W	BACS2serif	75.0	0.0	130.0	564.3764424999245	0.75	0			
293	1	1	17	non_inducing_color	3	293	Z	BACS2serif	0.0	0.0	255.0	565.3783217999153	0.75	0			
294	1	1	17	non_inducing_color	3	294	V	BACS2serif	255.0	255.0	0.0	566.3778685999569	0.75	0			
295	1	1	17	non_inducing_color	3	295	S	BACS2serif	148.0	0.0	211.0	567.3748234000523	0.75	0			
296	1	1	17	non_inducing_color	3	296	V	BACS2serif	0.0	255.0	255.0	568.3511601998471	0.75	0			
297	1	1	17	non_inducing_color	3	297	X	BACS2serif	255.0	127.0	0.0	569.3451334000565	0.75	0			
298	1	1	17	non_inducing_color	3	298	Z	BACS2serif	255.0	0.0	0.0	570.351953299949	0.75	0			
299	1	1	17	non_inducing_color	3	299	Y	BACS2serif	0.0	255.0	255.0	571.3609692000318	0.75	0			
300	1	1	17	non_inducing_color	3	300	U	BACS2serif	0.0	255.0	0.0	572.3625674999785	0.75	0			
301	1	1	17	non_inducing_color	3	301	Y	BACS2serif	255.0	255.0	0.0	573.3495342000388	0.75	0			
302	1	1	17	non_inducing_color	3	302	S	BACS2serif	255.0	127.0	0.0	574.3414852998685	0.75	0			
303	1	1	17	non_inducing_color	3	303	X	BACS2serif-Italic	148.0	0.0	211.0	575.3260443999898	0.75	1			
304	1	1	17	non_inducing_color	3	304	T	BACS2serif	0.0	0.0	255.0	576.3034027998801	0.75	0			
305	1	1	17	prompt	3	305						580.1345514999703	1.5	1	yes	580.979412500048	1.0
306	1	1	18	inducing_incongruent	4	306	F	CourierNew	255.0	255.0	0.0	593.32642879989	0.75	0			
307	1	1	18	inducing_incongruent	4	307	A	CourierNew	75.0	0.0	130.0	594.3363490998745	0.75	0			
308	1	1	18	inducing_incongruent	4	308	B	CourierNew	148.0	0.0	211.0	595.3280551999342	0.75	0			
309	1	1	18	inducing_incongruent	4	309	F	CourierNew	255.0	0.0	0.0	596.3167779999785	0.75	0			
310	1	1	18	inducing_incongruent	4	310	B	CourierNew	0.0	255.0	255.0	597.302334500011	0.75	0			
311	1	1	18	inducing_incongruent	4	311	G	CourierNew	0.0	255.0	0.0	598.3098712000065	0.75	0			
312	1	1	18	inducing_incongruent	4	312	D	CourierNew	255.0	127.0	0.0	599.3082761999685	0.75	0			
313	1	1	18	inducing_incongruent	4	313	H	CourierNew	0.0	255.0	255.0	600.2853075000457	0.75	0			
314	1	1	18	inducing_incongruent	4	314	E	CourierNew	0.0	0.0	255.0	601.2616109000519	0.75	0			
315	1	1	18	inducing_incongruent	4	315	H	CourierNew	0.0	0.0	255.0	602.2454482999165	0.75	0			
316	1	1	18	inducing_incongruent	4	316	C	CourierNew	255.0	0.0	0.0	603.2522845999338	0.75	0			
317	1	1	18	inducing_incongruent	4	317	A	CourierNew	0.0	255.0	0.0	604.2610947999638	0.75	0			
318	1	1	18	inducing_incongruent	4	318	D	CourierNew	148.0	0.0	211.0	605.2535331000108	0.75	0			
319	1	1	18	inducing_incongruent	4	319	C	CourierNew	75.0	0.0	130.0	606.2627125000581	0.75	0			
320	1	1	18	inducing_incongruent	4	320	G	CourierNew	255.0	127.0	0.0	607.2432162999175	0.75	0			
321	1	1	18	inducing_incongruent	4	321	E	CourierNew	255.0	255.0	0.0	608.2477434000466	0.75	0			
322	1	1	18	prompt	4	322						611.4853276999202	1.5	0	yes	612.5444517999422	0.0
323	1	1	19	inducing_black	0	323	G	CourierNew	0.0	0.0	0.0	625.2590256000403	0.75	0			
324	1	1	19	inducing_black	0	324	A	CourierNew	0.0	0.0	0.0	626.2681694999337	0.75	0			
325	1	1	19	inducing_black	0	325	D	CourierNew	0.0	0.0	0.0	627.2371553999837	0.75	0			
326	1	1	19	inducing_black	0	326	B	CourierNew	0.0	0.0	0.0	628.2334133000113	0.75	0			
327	1	1	19	inducing_black	0	327	H	CourierNew	0.0	0.0	0.0	629.2191168998834	0.75	0			
328	1	1	19	inducing_black	0	328	E	CourierNew	0.0	0.0	0.0	630.2093570998404	0.75	0			
329	1	1	19	inducing_black	0	329	A	CourierNew	0.0	0.0	0.0	631.1938120999839	0.75	0			
330	1	1	19	inducing_black	0	330	F	CourierNew	0.0	0.0	0.0	632.175902399933	0.75	0			
331	1	1	19	inducing_black	0	331	G	CourierNew	0.0	0.0	0.0	633.1614522999153	0.75	0			
332	1	1	19	inducing_black	0	332	C	CourierNew	0.0	0.0	0.0	634.1695129999425	0.75	0			
333	1	1	19	inducing_black	0	333	B	CourierNew	0.0	0.0	0.0	635.1693494999781	0.75	0			
334	1	1	19	inducing_black	0	334	F	CourierNew-Italic	0.0	0.0	0.0	636.1748766999226	0.75	1			
335	1	1	19	inducing_black	0	335	D	CourierNew	0.0	0.0	0.0	637.1788708998356	0.75	0			
336	1	1	19	inducing_black	0	336	H	CourierNew	0.0	0.0	0.0	638.1644596999977	0.75	0			
337	1	1	19	inducing_black	0	337	E	CourierNew	0.0	0.0	0.0	639.136844499968	0.75	0			
338	1	1	19	inducing_black	0	338	C	CourierNew	0.0	0.0	0.0	640.1319393999875	0.75	0			
339	1	1	19	prompt	0	339						643.7944109998643	1.5	1	yes	644.7875190998893	1.0
