	subject	run	block	trial_type	trial_number	word	font	onset	duration	signal_present	response	RT	correct
0	1	1	0	pseudo	0	DANCE	BACS2serif	16.245760599849746	0.75	0			
1	1	1	0	pseudo	1	BODY	BACS2serif	17.253493099939078	0.75	0			
2	1	1	0	pseudo	2	WATER	BACS2serif	18.2532756999135	0.75	0			
3	1	1	0	pseudo	3	PARTY	BACS2serif	19.26176070002839	0.75	0			
4	1	1	0	pseudo	4	STORE	BACS2serif	20.240732999984175	0.75	0			
5	1	1	0	pseudo	5	NUMBER	BACS2serif-Italic	21.236095499945804	0.75	1			
6	1	1	0	pseudo	6	PERSON	BACS2serif	22.21930220001377	0.75	0			
7	1	1	0	pseudo	7	COUPLE	BACS2serif	23.215476299868897	0.75	0			
8	1	1	0	pseudo	8	DINNER	BACS2serif	24.20982149988413	0.75	0			
9	1	1	0	pseudo	9	VOICE	BACS2serif	25.186523499898612	0.75	0			
10	1	1	0	pseudo	10	BOSS	BACS2serif	26.162728999974206	0.75	0			
11	1	1	0	pseudo	11	RING	BACS2serif	27.1605592998676	0.75	0			
12	1	1	0	pseudo	12	PHONE	BACS2serif	28.13451679982245	0.75	0			
13	1	1	0	pseudo	13	PLANE	BACS2serif	29.1171775998082	0.75	0			
14	1	1	0	pseudo	14	DOCTOR	BACS2serif	30.117929899832234	0.75	0			
15	1	1	0	pseudo	15	NEWS	BACS2serif	31.093868899857625	0.75	0			
16	1	1	0	prompt	16			34.36454300000332	1.5	1	missing		0.0
17	1	1	1	word	17	DOOR	CourierNew	48.1200817998033	0.75	0			
18	1	1	1	word	18	MUSIC	CourierNew	49.10577589995228	0.75	0			
19	1	1	1	word	19	HOTEL	CourierNew	50.09319829987362	0.75	0			
20	1	1	1	word	20	TABLE	CourierNew-Italic	51.08356479997747	0.75	1			
21	1	1	1	word	21	BANK	CourierNew	52.075520099839196	0.75	0			
22	1	1	1	word	22	LUNCH	CourierNew	53.05514549999498	0.75	0			
23	1	1	1	word	23	ROCK	CourierNew	54.04993199999444	0.75	0			
24	1	1	1	word	24	FEET	CourierNew	55.054950499907136	0.75	0			
25	1	1	1	word	25	COURT	CourierNew	56.06056909984909	0.75	0			
26	1	1	1	word	26	JUDGE	CourierNew	57.071207399945706	0.75	0			
27	1	1	1	word	27	TRAIN	CourierNew	58.05407369998284	0.75	0			
28	1	1	1	word	28	BOAT	CourierNew	59.0612065999303	0.75	0			
29	1	1	1	word	29	DANCE	CourierNew	60.043633199995384	0.75	0			
30	1	1	1	word	30	CHILD	CourierNew	61.017757399939	0.75	0			
31	1	1	1	word	31	WATER	CourierNew	62.00552579993382	0.75	0			
32	1	1	1	word	32	CITY	CourierNew	63.011016299948096	0.75	0			
33	1	1	1	prompt	33			67.16877339989878	1.5	1	missing		0.0
34	1	1	2	pseudo	34	LAWYER	BACS2serif	80.01636809995398	0.75	0			
35	1	1	2	pseudo	35	HAIR	BACS2serif	80.99636009987444	0.75	0			
36	1	1	2	pseudo	36	CARD	BACS2serif	81.98672889987938	0.75	0			
37	1	1	2	pseudo	37	SEAT	BACS2serif	82.9680441999808	0.75	0			
38	1	1	2	pseudo	38	BUDDY	BACS2serif	83.95999729982577	0.75	0			
39	1	1	2	pseudo	39	FOOD	BACS2serif	84.94806670001708	0.75	0			
40	1	1	2	pseudo	40	STAR	BACS2serif	85.92771179997362	0.75	0			
41	1	1	2	pseudo	41	HEART	BACS2serif	86.9032220998779	0.75	0			
42	1	1	2	pseudo	42	COFFEE	BACS2serif	87.87317289994098	0.75	0			
43	1	1	2	pseudo	43	STORY	BACS2serif-Italic	88.854209800018	0.75	1			
44	1	1	2	pseudo	44	YEAR	BACS2serif	89.86419419990852	0.75	0			
45	1	1	2	pseudo	45	BOYS	BACS2serif	90.83743970002979	0.75	0			
46	1	1	2	pseudo	46	EARTH	BACS2serif	91.84444779995829	0.75	0			
47	1	1	2	pseudo	47	LAND	BACS2serif	92.85241849999875	0.75	0			
48	1	1	2	pseudo	48	TOWN	BACS2serif	93.83199809980579	0.75	0			
49	1	1	2	pseudo	49	BLOOD	BACS2serif	94.82787609985098	0.75	0			
50	1	1	2	prompt	50			98.20288080000319	1.5	1	missing		0.0
51	1	1	3	word	51	MOVIE	CourierNew	111.82365739997476	0.75	0			
52	1	1	3	word	52	PARTY	CourierNew	112.81212249980308	0.75	0			
53	1	1	3	word	53	GAME	CourierNew	113.80326209985651	0.75	0			
54	1	1	3	word	54	GIRLS	CourierNew	114.77418429986574	0.75	0			
55	1	1	3	word	55	PAIN	CourierNew	115.7718749998603	0.75	0			
56	1	1	3	word	56	WEEK	CourierNew	116.7490928999614	0.75	0			
57	1	1	3	word	57	WORDS	CourierNew	117.73645879980177	0.75	0			
58	1	1	3	word	58	TOWN	CourierNew	118.74391069984995	0.75	0			
59	1	1	3	word	59	EARTH	CourierNew	119.7221068998333	0.75	0			
60	1	1	3	word	60	MOUTH	CourierNew	120.72657840000466	0.75	0			
61	1	1	3	word	61	NUMBER	CourierNew	121.70747049991041	0.75	0			
62	1	1	3	word	62	FIGURE	CourierNew	122.71488439990208	0.75	0			
63	1	1	3	word	63	FLOOR	CourierNew	123.72013039980084	0.75	0			
64	1	1	3	word	64	DOCTOR	CourierNew	124.72012359998189	0.75	0			
65	1	1	3	word	65	STREET	CourierNew	125.69258419983089	0.75	0			
66	1	1	3	word	66	STAR	CourierNew	126.67028159997426	0.75	0			
67	1	1	3	prompt	67			129.66924229986034	1.5	0	missing		0.0
68	1	1	4	pseudo	68	WORDS	BACS2serif	143.695651399903	0.75	0			
69	1	1	4	pseudo	69	PAPER	BACS2serif	144.69563700002618	0.75	0			
70	1	1	4	pseudo	70	HORSE	BACS2serif	145.68051749980077	0.75	0			
71	1	1	4	pseudo	71	CLASS	BACS2serif	146.6532668999862	0.75	0			
72	1	1	4	pseudo	72	KING	BACS2serif	147.64045059983619	0.75	0			
73	1	1	4	pseudo	73	GAME	BACS2serif	148.64581349981017	0.75	0			
74	1	1	4	pseudo	74	LADIES	BACS2serif	149.6540787999984	0.75	0			
75	1	1	4	pseudo	75	MONTH	BACS2serif	150.63741529989056	0.75	0			
76	1	1	4	pseudo	76	SYSTEM	BACS2serif	151.61045349994674	0.75	0			
77	1	1	4	pseudo	77	WEEK	BACS2serif	152.59681129991077	0.75	0			
78	1	1	4	pseudo	78	SISTER	BACS2serif	153.58134759985842	0.75	0			
79	1	1	4	pseudo	79	WOMEN	BACS2serif	154.57966249994934	0.75	0			
80	1	1	4	pseudo	80	EYES	BACS2serif	155.56941789994016	0.75	0			
81	1	1	4	pseudo	81	FLOOR	BACS2serif	156.54675949993543	0.75	0			
82	1	1	4	pseudo	82	POLICE	BACS2serif	157.5229303999804	0.75	0			
83	1	1	4	pseudo	83	COPS	BACS2serif	158.524724900024	0.75	0			
84	1	1	4	prompt	84			162.40895219985396	1.5	0	no	162.8720561999362	1.0
85	1	1	5	word	85	BUDDY	CourierNew	175.54200809984468	0.75	0			
86	1	1	5	word	86	HAND	CourierNew	176.52228109980933	0.75	0			
87	1	1	5	word	87	BALL	CourierNew	177.5214273999445	0.75	0			
88	1	1	5	word	88	LADIES	CourierNew	178.5224754998926	0.75	0			
89	1	1	5	word	89	MILES	CourierNew	179.5148202998098	0.75	0			
90	1	1	5	word	90	TRIP	CourierNew	180.50310999993235	0.75	0			
91	1	1	5	word	91	STICK	CourierNew-Italic	181.51733379997313	0.75	1			
92	1	1	5	word	92	RECORD	CourierNew	182.51424269983545	0.75	0			
93	1	1	5	word	93	SEAT	CourierNew	183.4925219998695	0.75	0			
94	1	1	5	word	94	MONTH	CourierNew	184.47160799987614	0.75	0			
95	1	1	5	word	95	ANSWER	CourierNew	185.45563289988786	0.75	0			
96	1	1	5	word	96	VOICE	CourierNew	186.45839919988066	0.75	0			
97	1	1	5	word	97	PLANE	CourierNew	187.43423169991001	0.75	0			
98	1	1	5	word	98	STORY	CourierNew	188.42229030001909	0.75	0			
99	1	1	5	word	99	TEAM	CourierNew	189.39674969995394	0.75	0			
100	1	1	5	word	100	BOOK	CourierNew	190.37306709983386	0.75	0			
101	1	1	5	prompt	101			194.10450919996947	1.5	1	yes	195.2161471999716	1.0
102	1	1	6	pseudo	102	MILES	BACS2serif	207.38846479984932	0.75	0			
103	1	1	6	pseudo	103	LUNCH	BACS2serif	208.37092359992675	0.75	0			
104	1	1	6	pseudo	104	OFFICE	BACS2serif	209.37530559999868	0.75	0			
105	1	1	6	pseudo	105	JUDGE	BACS2serif	210.3829184998758	0.75	0			
106	1	1	6	pseudo	106	REPORT	BACS2serif	211.3818797999993	0.75	0			
107	1	1	6	pseudo	107	GOLD	BACS2serif	212.35818449989893	0.75	0			
108	1	1	6	pseudo	108	RECORD	BACS2serif	213.3306044000201	0.75	0			
109	1	1	6	pseudo	109	SMELL	BACS2serif	214.32381400000304	0.75	0			
110	1	1	6	pseudo	110	DRESS	BACS2serif	215.32056199992076	0.75	0			
111	1	1	6	pseudo	111	FEET	BACS2serif	216.2994942998048	0.75	0			
112	1	1	6	pseudo	112	FACE	BACS2serif	217.27930169994943	0.75	0			
113	1	1	6	pseudo	113	GIRLS	BACS2serif	218.28124729986303	0.75	0			
114	1	1	6	pseudo	114	CASE	BACS2serif	219.28895029984415	0.75	0			
115	1	1	6	pseudo	115	CHILD	BACS2serif	220.30006379983388	0.75	0			
116	1	1	6	pseudo	116	CLUB	BACS2serif	221.28117450000718	0.75	0			
117	1	1	6	pseudo	117	FIGURE	BACS2serif	222.29199449997395	0.75	0			
118	1	1	6	prompt	118			226.34013359993696	1.5	0	missing		0.0
119	1	1	7	word	119	SYSTEM	CourierNew	239.28962669987231	0.75	0			
120	1	1	7	word	120	LAWYER	CourierNew	240.27981079998426	0.75	0			
121	1	1	7	word	121	BLOOD	CourierNew	241.28779819980264	0.75	0			
122	1	1	7	word	122	HAIR	CourierNew	242.29800519999117	0.75	0			
123	1	1	7	word	123	SMELL	CourierNew	243.29783499985933	0.75	0			
124	1	1	7	word	124	FISH	CourierNew	244.3004409999121	0.75	0			
125	1	1	7	word	125	COUPLE	CourierNew	245.30894319992512	0.75	0			
126	1	1	7	word	126	HEART	CourierNew	246.30869550001808	0.75	0			
127	1	1	7	word	127	MOMENT	CourierNew	247.31027529994026	0.75	0			
128	1	1	7	word	128	BOSS	CourierNew	248.28904269984923	0.75	0			
129	1	1	7	word	129	COFFEE	CourierNew	249.29025199986063	0.75	0			
130	1	1	7	word	130	DRESS	CourierNew	250.26859160000458	0.75	0			
131	1	1	7	word	131	PAPER	CourierNew	251.250421699835	0.75	0			
132	1	1	7	word	132	POLICE	CourierNew	252.23662479990162	0.75	0			
133	1	1	7	word	133	GOLD	CourierNew	253.21485619992018	0.75	0			
134	1	1	7	word	134	NEWS	CourierNew	254.18991109984927	0.75	0			
135	1	1	7	prompt	135			258.2984233999159	1.5	0	missing		0.0
136	1	1	8	pseudo	136	LETTER	BACS2serif	271.208540600026	0.75	0			
137	1	1	8	pseudo	137	SONG	BACS2serif	272.19871969986707	0.75	0			
138	1	1	8	pseudo	138	FISH	BACS2serif	273.2011559000239	0.75	0			
139	1	1	8	pseudo	139	CITY	BACS2serif	274.20184649992734	0.75	0			
140	1	1	8	pseudo	140	TRIP	BACS2serif	275.2071752999909	0.75	0			
141	1	1	8	pseudo	141	STATE	BACS2serif	276.1904351999983	0.75	0			
142	1	1	8	pseudo	142	LIST	BACS2serif	277.1822762999218	0.75	0			
143	1	1	8	pseudo	143	ANSWER	BACS2serif	278.1638050999027	0.75	0			
144	1	1	8	pseudo	144	MUSIC	BACS2serif	279.1738559999503	0.75	0			
145	1	1	8	pseudo	145	PAIN	BACS2serif	280.15929789980873	0.75	0			
146	1	1	8	pseudo	146	DOOR	BACS2serif	281.15108280000277	0.75	0			
147	1	1	8	pseudo	147	ROCK	BACS2serif	282.1419693999924	0.75	0			
148	1	1	8	pseudo	148	BOAT	BACS2serif	283.14904399984516	0.75	0			
149	1	1	8	pseudo	149	MOVIE	BACS2serif	284.1336018999573	0.75	0			
150	1	1	8	pseudo	150	COURT	BACS2serif	285.1083307999652	0.75	0			
151	1	1	8	pseudo	151	HOTEL	BACS2serif	286.1975209999364	0.75	0			
152	1	1	8	prompt	152			289.20624529989436	1.5	0	missing		0.0
153	1	1	9	word	153	EYES	CourierNew	303.2170482999645	0.75	0			
154	1	1	9	word	154	HORSE	CourierNew	304.21764019993134	0.75	0			
155	1	1	9	word	155	WOMEN	CourierNew	305.20981209981255	0.75	0			
156	1	1	9	word	156	LIST	CourierNew	306.2127989998553	0.75	0			
157	1	1	9	word	157	FACE	CourierNew	307.20183039992116	0.75	0			
158	1	1	9	word	158	PHONE	CourierNew	308.19192899996415	0.75	0			
159	1	1	9	word	159	STORE	CourierNew	309.18413069983944	0.75	0			
160	1	1	9	word	160	CLASS	CourierNew	310.1663214999717	0.75	0			
161	1	1	9	word	161	LETTER	CourierNew	311.14454319979995	0.75	0			
162	1	1	9	word	162	SONG	CourierNew	312.1204344998114	0.75	0			
163	1	1	9	word	163	BOYS	CourierNew-Italic	313.124754199991	0.75	1			
164	1	1	9	word	164	BODY	CourierNew	314.09896759991534	0.75	0			
165	1	1	9	word	165	STATE	CourierNew	315.08311539981514	0.75	0			
166	1	1	9	word	166	DINNER	CourierNew	316.08407909981906	0.75	0			
167	1	1	9	word	167	SISTER	CourierNew	317.0729873999953	0.75	0			
168	1	1	9	word	168	HOURS	CourierNew	318.05318799987435	0.75	0			
169	1	1	9	prompt	169			321.58321339986287	1.5	1	missing		0.0
170	1	1	10	pseudo	170	HAND	BACS2serif	335.08165649999864	0.75	0			
171	1	1	10	pseudo	171	LADY	BACS2serif	336.0771621998865	0.75	0			
172	1	1	10	pseudo	172	BOOK	BACS2serif	337.0585677998606	0.75	0			
173	1	1	10	pseudo	173	TEAM	BACS2serif	338.0509285000153	0.75	0			
174	1	1	10	pseudo	174	STICK	BACS2serif	339.0593739999458	0.75	0			
175	1	1	10	pseudo	175	STREET	BACS2serif	340.0667905998416	0.75	0			
176	1	1	10	pseudo	176	ROAD	BACS2serif	341.05884069995955	0.75	0			
177	1	1	10	pseudo	177	MOUTH	BACS2serif	342.03281899983995	0.75	0			
178	1	1	10	pseudo	178	MOMENT	BACS2serif	343.0162117998116	0.75	0			
179	1	1	10	pseudo	179	SHIP	BACS2serif	344.0074408999644	0.75	0			
180	1	1	10	pseudo	180	TABLE	BACS2serif	345.0171884999145	0.75	0			
181	1	1	10	pseudo	181	HOURS	BACS2serif	346.0011597999837	0.75	0			
182	1	1	10	pseudo	182	WINDOW	BACS2serif	347.01180759980343	0.75	0			
183	1	1	10	pseudo	183	BALL	BACS2serif	348.00958830001764	0.75	0			
184	1	1	10	pseudo	184	TRAIN	BACS2serif	349.00061589991674	0.75	0			
185	1	1	10	pseudo	185	BANK	BACS2serif	349.9923348999582	0.75	0			
186	1	1	10	prompt	186			354.64240999985486	1.5	0	yes	356.3043471998535	0.0
187	1	1	11	word	187	OFFICE	CourierNew	367.01050670002587	0.75	0			
188	1	1	11	word	188	LADY	CourierNew	368.00099779991433	0.75	0			
189	1	1	11	word	189	KING	CourierNew	368.98277230001986	0.75	0			
190	1	1	11	word	190	LAND	CourierNew	369.9700970000122	0.75	0			
191	1	1	11	word	191	CARD	CourierNew	370.9461344999727	0.75	0			
192	1	1	11	word	192	COPS	CourierNew	371.9302729999181	0.75	0			
193	1	1	11	word	193	REPORT	CourierNew	372.9344344998244	0.75	0			
194	1	1	11	word	194	CASE	CourierNew-Italic	373.9285128999036	0.75	1			
195	1	1	11	word	195	RING	CourierNew	374.92170819989406	0.75	0			
196	1	1	11	word	196	PERSON	CourierNew	375.89685469982214	0.75	0			
197	1	1	11	word	197	FOOD	CourierNew	376.876227799803	0.75	0			
198	1	1	11	word	198	SHIP	CourierNew	377.8827205998823	0.75	0			
199	1	1	11	word	199	YEAR	CourierNew	378.87092519993894	0.75	0			
200	1	1	11	word	200	WINDOW	CourierNew	379.87802639999427	0.75	0			
201	1	1	11	word	201	ROAD	CourierNew	380.8662839999888	0.75	0			
202	1	1	11	word	202	CLUB	CourierNew	381.86210639984347	0.75	0			
203	1	1	11	prompt	203			385.851972799981	1.5	1	missing		0.0
