block_0,block_1,block_2,block_3,block_4,block_5,block_6,block_7,block_8,block_9,block_10,block_11
39,0,93,46,47,59,75,74,87,17,3,23
26,37,36,13,57,3,56,93,71,72,19,19
14,58,82,12,72,54,23,28,85,25,30,44
13,53,95,22,49,42,92,36,32,91,40,76
89,83,59,65,44,75,51,86,88,1,66,82
9,56,35,10,12,88,94,85,52,5,38,84
21,78,90,47,42,66,81,16,91,89,50,51
16,48,8,7,69,81,86,8,31,49,55,2
24,60,41,62,74,95,77,27,37,87,27,73
79,92,18,55,10,69,48,45,65,71,63,21
45,70,4,9,29,31,1,41,0,15,53,35
73,67,15,43,25,79,22,77,78,26,20,63
5,39,62,61,17,68,2,57,67,52,80,4
68,34,76,6,61,18,34,11,46,24,54,80
6,14,7,38,11,40,64,94,60,29,70,50
33,32,28,90,84,30,43,33,58,20,83,64
